{"cameraMode":{"drawMode":0,"name":"Shaded","section":"Shading Mode"},"sceneLighting":true,"audioPlay":false,"sceneViewState":{"showFog":true,"showMaterialUpdate":true,"showSkybox":true,"showFlares":true,"showImageEffects":true,"showParticleSystems":true},"in2DMode":false,"pivot":{"x":1.3243701457977296,"y":-1.787792682647705,"z":-0.06693387031555176},"rotation":{"x":-0.09052231162786484,"y":0.8976600170135498,"z":-0.21854019165039063,"w":-0.3718230128288269},"size":1.9231102466583253,"orthographic":false}