{"cameraMode":{"drawMode":0,"name":"Shaded","section":"Shading Mode"},"sceneLighting":true,"audioPlay":false,"sceneViewState":{"showFog":true,"showMaterialUpdate":true,"showSkybox":true,"showFlares":true,"showImageEffects":true,"showParticleSystems":true},"in2DMode":false,"pivot":{"x":0.9017124772071838,"y":-0.34136009216308596,"z":0.015428165905177594},"rotation":{"x":-0.09052231162786484,"y":0.8976600170135498,"z":-0.21854019165039063,"w":-0.3718230128288269},"size":1.623110294342041,"orthographic":false}