{"cameraMode":{"drawMode":0,"name":"Shaded","section":"Shading Mode"},"sceneLighting":true,"audioPlay":false,"sceneViewState":{"showFog":true,"showMaterialUpdate":true,"showSkybox":true,"showFlares":true,"showImageEffects":true,"showParticleSystems":true},"in2DMode":false,"pivot":{"x":1.4243791103363038,"y":-0.5273410677909851,"z":-0.37112677097320559},"rotation":{"x":-0.09052231162786484,"y":0.8976600170135498,"z":-0.21854019165039063,"w":-0.3718230128288269},"size":1.623110294342041,"orthographic":false}