{"cameraMode":{"drawMode":0,"name":"Shaded","section":"Shading Mode"},"sceneLighting":true,"audioPlay":false,"sceneViewState":{"showFog":true,"showMaterialUpdate":true,"showSkybox":true,"showFlares":true,"showImageEffects":true,"showParticleSystems":true},"in2DMode":false,"pivot":{"x":1.4481583833694459,"y":-2.2245450019836427,"z":0.8474372625350952},"rotation":{"x":-0.09052231162786484,"y":0.8976600170135498,"z":-0.21854019165039063,"w":-0.3718230128288269},"size":1.9231102466583253,"orthographic":false}